dataset,rows,med1,med2,sbert,cohere,voyage,openai,bert,bleu,meteor,rouge_l,perplexity,ling
history,5,0.7984523809523809,0.635,0.855445078,0.8767090688922112,0.9329728199137728,0.8215307361482616,0.8917211294174194,0.06246867428722318,0.310157841624715,0.24116240921485912,23.170328521728514,0.2045963083755991
