dataset,rows,med1,med2,sbert,cohere,voyage,openai,bert,bleu,meteor,rouge_l,perplexity,ling
history,5,0.7719139194139194,0.7166666666666666,0.853128224,0.8856926590628067,0.9299630734033728,0.8331167547307695,0.8892067551612854,0.056431714879279025,0.3212253651582015,0.24188855352181576,18.060062599182128,0.20651521118643207
