dataset,rows,med1,med2,sbert,cohere,voyage,openai,bert,bleu,meteor,rouge_l,perplexity,ling
history,5,0.8008809523809524,0.5449999999999999,0.872245032,0.9033245761923977,0.9402337507177079,0.8453039399028558,0.8953446865081787,0.06618304513263265,0.27683170945008834,0.2437821951963699,23.13147964477539,0.19559898325969693
