dataset,rows,med1,med2,sbert,cohere,voyage,openai,bert,bleu,meteor,rouge_l,perplexity,ling
history,5,0.8380714285714286,0.7024999999999999,0.8730673620000001,0.8826573973489211,0.9365939163051216,0.8373313345683024,0.8920776009559631,0.06273561205257884,0.31002905792815894,0.24259954513684784,16.8172399520874,0.20512140503919518
