dataset,rows,med1,med2,sbert,cohere,voyage,openai,bert,bleu,meteor,rouge_l,perplexity,ling
history,5,0.7592380952380953,0.615,0.8473692639999999,0.8736137566196456,0.9249718441915524,0.8179809911229065,0.8935603857040405,0.061052233757151686,0.2963567052302861,0.24111955570771046,24.188021087646483,0.1995094982317161
