dataset,rows,med1,med2,sbert,cohere,voyage,openai,bert,bleu,meteor,rouge_l,perplexity,ling
sample_15,15,0.5980978835978836,0.4608333333333333,0.8194785193333334,0.843883871862014,0.9193908195037405,0.7761817817438318,0.8876678824424744,0.06427550388545454,0.31477761985618974,0.25191614736117446,17.62852579752604,0.21032309036760624
