avg_bleu_score,avg_meteor_score,avg_rouge_l_score,avg_perplexity,avg_linguistic_quality_score
0.06234182262580721,0.26205520684049205,0.21541992318252948,16.971295070648193,0.17993898421627627
