avg_bleu_score,avg_meteor_score,avg_rouge_l_score,avg_perplexity,avg_linguistic_quality_score
0.060914723002767804,0.2748862043550571,0.23177592444379924,18.71519883473714,0.18919228393387474
