avg_cosine_similarity,avg_bert_score_f1,avg_vyakyarth_similarity,avg_cohere_similarity,avg_semantic_similarity
0.8162195960680644,0.8832836508750915,0.7818907618522644,0.8347230331476362,0.8447420933635973
