avg_cosine_similarity,avg_bert_score_f1,avg_vyakyarth_similarity,avg_semantic_similarity,avg_vyakyarth_semantic_score
0.8589934587478638,0.8820011377334595,0.8327751517295837,0.8704972982406616,0.8573881447315216
