dataset,rows,med1,med2,sbert,cohere,voyage,openai,bert,bleu,meteor,rouge_l,perplexity,ling
history,5,0.7970476190476191,0.5700000000000001,0.851555536,0.8861867372471879,0.9364662607776024,0.831692660336137,0.8953000903129578,0.05288264024652982,0.31542681722448584,0.25356958540783886,15.063865089416504,0.20729301429295152
