dataset,rows,med1,med2,sbert,cohere,voyage,openai,bert,bleu,meteor,rouge_l,perplexity,ling
history,5,0.6690833333333334,0.5625,0.838553952,0.8822133837873194,0.9387136831324263,0.8276713781140945,0.8890811681747437,0.06228776994384588,0.22852864946703905,0.2023429788828483,19.618774032592775,0.1643864660979111
