dataset,rows,med1,med2,sbert,cohere,voyage,openai,bert,bleu,meteor,rouge_l,perplexity,ling
history,5,0.7798809523809522,0.625,0.8396405080000001,0.8654354453447558,0.922754014679381,0.8080879199653884,0.8939480185508728,0.05011961333870596,0.3119491891377047,0.250025096357103,17.773640441894532,0.20403129961117122
